,Units Sold,Total Revenue,Total Profit,Profit Margin (%)
count,1000.0,1000.0,1000.0,1000.0
mean,5053.988,1327321.84033,391202.61155999993,34.33359967873648
std,2901.375316739386,1486514.564803918,383640.1858646798,12.848771991925235
min,13.0,2043.25,532.61,13.558036455000117
25%,2420.25,281191.9,98376.12,25.830653804930332
50%,5184.0,754939.1799999999,277225.98,33.00316122233931
75%,7536.75,1733502.75,548456.835,40.97754121770738
max,9998.0,6617209.54,1726181.36,67.20351390922403
