Region,Profit Margin (%)
Sub-Saharan Africa,32.77335869166894
Asia,33.75304152930647
Central America and the Caribbean,34.19101181583085
Europe,35.07145140801115
Middle East and North Africa,35.248640820158
Australia and Oceania,35.353262231242674
North America,39.49253728301773
